College Name,# appli. rec'd,# appl. accepted,# new stud. enrolled,% new stud. from top 10%,% new stud. from top 25%,# FT undergrad,# PT undergrad,in-state tuition,out-of-state tuition,room,board,add. fees,estim. book costs,estim. personal $,% fac. w/PHD,stud./fac. ratio,Graduation rate
Alaska Pacific University,193,146,55,16,44,249,869,7560,7560,1620,2500,130,800,1500,76,11.9,15
University of Alaska Southeast,146,117,89,4,24,492,1849,1742,5226,2514,2250,34,500,1162,39,9.5,39
Birmingham-Southern College,805,588,287,67,88,1376,207,11660,11660,2050,2430,120,400,900,74,14,72
Huntingdon College,608,520,127,26,47,538,126,8080,8080,1380,2540,100,500,1100,63,11.4,44
Talladega College,4414,1500,335,30,60,908,119,5666,5666,1424,1540,418,1000,1400,56,15.5,46
University of Alabama at Birmingham,1797,1260,938,24,35,6960,4698,2220,4440,1935,3240,291,750,2200,96,6.7,33
Arkansas College (Lyon College),708,334,166,46,74,530,182,8644,8644,2382,1540,120,500,800,79,12.6,54
Hendrix College,823,721,274,52,87,954,6,8800,8800,1935,1260,325,500,1200,82,13.1,63
John Brown University,605,405,284,24,53,961,99,6398,6398,1450,2222,148,400,1350,68,13.3,75
Harding University,1721,1068,806,35,75,3128,213,5504,5504,1650,1878,1016,700,910,71,17.7,73
Northern Arizona University,5891,4931,1973,23,48,11249,2682,1828,6746,1890,1838,66,620,2342,78,21.7,41
University of Arizona,14079,12238,4529,29,57,21664,4894,1828,7434,2186,2030,66,620,2550,91,19.6,49
California Polytechnic-San Luis,7811,3817,1650,47,73,12911,1404,2033,7380,2335,2542,20,612,2091,72,19.8,59
Claremont McKenna College,1860,767,227,71,93,887,1,17000,17000,3160,2850,140,500,850,99,9.6,87
Harvey Mudd College,1377,572,178,95,100,654,5,17230,17230,3320,3370,465,700,900,100,8.2,100
Pitzer College,1133,630,220,37,73,750,30,17688,17688,3192,2708,1548,650,850,100,10.4,73
Scripps College,855,632,139,60,83,569,7,17238,17238,3500,3850,112,600,800,95,8.2,73
Occidental College,2324,1319,370,52,81,1686,35,16560,16560,2980,2160,334,558,1152,91,10.5,79
Fresno Pacific College,346,274,146,51,87,704,63,9900,9900,1500,2170,174,630,1818,59,10.5,54
Pepperdine University,3821,2037,680,86,96,2488,625,18200,18200,3750,3020,70,500,700,95,11.6,66
Southern California College,385,340,193,18,38,784,127,9520,9520,1980,2144,340,630,1818,63,18.6,43
St. Mary's College of California,2643,1611,465,36,80,2615,248,13332,13332,3177,3177,120,630,1584,88,16.1,78
University of San Francisco,2306,1721,538,23,48,4309,549,13226,13226,3846,2606,100,750,2450,86,13.6,62
University of Southern California,12229,8498,2477,45,71,13259,1429,17230,17230,3566,2916,330,600,2210,90,11.4,68
Westmont College,950,713,351,42,72,1276,9,14320,14320,3080,2224,866,490,1410,77,14.9,87
Loyola Marymount University,3768,2662,753,42,64,3558,436,13592,13592,3276,2640,176,545,1328,84,14.2,84
Concordia University,688,497,144,30,75,641,101,10800,10800,2520,1920,690,570,1515,55,13.1,55
Adams State College,1508,1259,569,16,44,1922,232,1386,1672,1820,1910,374,520,2200,63,27.9,60
Colorado College,3207,1577,490,56,87,1892,7,17142,17142,2114,2076,120,450,1200,85,11.3,84
Fort Lewis College,3440,2823,1123,16,35,3793,486,1450,6198,1820,1500,327,500,2500,89,19.1,46
Mesa State College,1584,1456,891,6,18,3471,911,1434,5016,1782,2016,380,540,2256,48,28.8,59
University of Southern Colorado,1401,1239,605,10,34,3716,675,1644,7100,1756,2624,324,540,2948,63,19.4,36
Western State College of Colorado,2702,1623,604,7,24,2315,146,1819,5918,1936,1819,507,500,2050,76,19.4,52
Central Connecticut State University,4158,2532,902,6,24,6394,3881,1842,5962,2384,2060,1298,500,985,69,16.7,49
Connecticut College,3035,1546,438,42,93,1630,232,18740,18740,2935,3365,210,600,500,86,10.7,91
Sacred Heart University,2307,1896,509,19,51,1707,1889,11070,11070,4090,1690,320,400,600,71,14.8,82
Saint Joseph College,292,241,96,20,52,543,712,12200,12200,2200,2400,200,650,950,87,11.2,76
Trinity College CT,3058,1798,478,46,84,1737,244,18810,18810,3540,2150,780,500,680,91,10.4,91
University of Bridgeport,598,441,153,16,36,527,312,12500,12500,3700,3110,624,500,500,76,7.9,51
University of Hartford,5081,4040,1194,11,26,3768,1415,14220,14220,2300,3700,690,500,1440,61,10.7,66
Wesleyan University,4772,1973,712,60,86,2714,27,19130,19130,3290,2310,660,1400,1400,90,12.1,92
Eastern Connecticut State University,2172,1493,564,14,50,2766,1531,1842,5962,2436,1880,1513,650,500,71,16.9,50
University of Connecticut at Storrs,9735,7187,2064,23,63,12478,1660,3824,11656,2552,2520,888,700,2300,89,16,71
Catholic University of America,1754,1465,505,24,49,2159,211,13712,13712,3622,2786,460,526,1100,90,9.3,75
George Washington University,7875,5062,1492,38,71,5471,1470,17450,17450,3998,2330,720,700,950,92,7.6,72
Georgetown University,11115,2881,1390,71,93,5881,406,18300,18300,2590,4541,156,670,1700,91,7.2,95
Trinity College DC,247,189,100,19,49,309,639,11412,11412,2900,3530,150,500,900,89,8.3,96
University of Delaware,14446,10516,3252,22,57,14130,4522,3690,10220,2280,1950,410,530,1300,82,18.3,75
Wesley College,980,807,350,10,25,872,448,9890,9890,2450,2224,405,500,1350,52,14.4,84
Bethune Cookman College,1646,1150,542,12,30,2128,82,5188,5188,1541,1855,427,650,2500,48,13.8,58
Florida Institute of Technology,1947,1580,523,39,74,1863,233,13900,13900,1740,2400,400,750,1500,90,10.6,57
Embry Riddle Aeronautical University,3151,2584,958,14,40,4772,856,7800,7800,2050,1700,80,570,3020,37,16.5,44
Florida Southern College,1381,1040,374,20,44,1506,970,8025,8025,2100,2765,605,400,650,65,17.4,68
Rollins College,1777,1151,382,31,55,1668,1052,16425,16425,2830,2390,470,955,750,81,13.3,90
Stetson University,1557,1227,489,37,69,1964,81,12315,12315,2165,2400,555,600,1365,85,12.5,73
University of Miami,7122,5386,1643,42,69,7760,876,16500,16500,3810,2716,180,630,1985,82,5.9,59
University of Central Florida,6986,2959,1918,25,60,12330,7152,1716,6618,2410,1824,95,700,1600,80,22.2,46
Brewton-Parker College,1436,1228,1202,10,26,1320,822,4371,4371,1320,1050,130,500,2000,62,12.6,18
Emory University,8506,4168,1236,76,97,5544,192,17600,17600,3600,2400,230,600,870,97,5,96
Morehouse College,3708,1678,722,41,66,2852,153,7050,7050,3140,2350,1420,250,600,71,17.8,83
Spelman College,3713,1237,443,47,83,1971,107,7000,7000,2565,3000,1222,660,2400,73,12.5,65
University of Georgia,11220,7871,3320,43,79,19553,2748,1899,5697,1770,1830,453,525,1755,88,14.7,63
Covenant College,407,317,181,21,48,468,31,9700,9700,1980,1764,150,470,1120,73,19,56
Savannah Coll. of Art and Design,1109,688,386,20,65,1897,208,8325,8325,3050,1950,450,1200,1600,14,16.1,55
University of Hawaii at Manoa,3580,2603,1627,36,69,11028,2411,1460,4460,1808,1230,97,687,1281,85,11.8,54
Central College,1283,1113,401,31,65,1355,40,10938,10938,1638,2022,141,650,600,76,13.5,67
Clarke College,460,340,167,14,45,604,350,10740,10740,1838,1838,225,350,900,67,11,74
Coe College,1006,742,275,29,60,1127,205,13925,13925,2400,1990,125,500,2200,73,12.7,67
Cornell College,1538,1329,383,33,68,1140,10,15248,15248,1978,2345,125,550,800,71,12.2,64
Dordt College,604,562,328,25,50,1048,56,9800,9800,1200,1450,60,450,2800,61,12.5,87
Graceland College,555,414,242,14,41,996,2281,9100,9100,1130,1970,100,550,880,51,23.6,47
Grand View College,535,511,233,11,36,1098,380,9820,9820,2000,1360,50,570,2800,32,12.6,32
Grinnell College,2039,1389,432,56,91,1333,30,15688,15688,2120,2498,374,400,400,88,9.5,83
Morningside College,586,533,239,16,36,950,228,10520,10520,1812,1866,181,500,1000,48,13,56
Mount Mercy College,368,317,159,20,49,806,542,10500,10500,2115,1440,100,500,2285,44,11.3,64
Mount Saint Clare College,325,284,95,16,33,364,88,9900,9900,1660,1990,80,500,1200,32,13.6,21
Simpson College,1016,872,300,27,57,1116,602,11250,11250,2130,2850,155,550,1400,66,15.8,70
Saint Ambrose University,897,718,276,12,48,1345,390,10450,10450,2310,1710,10,500,1500,56,14.1,70
University of Northern Iowa,4144,3379,1853,18,52,10135,1448,2291,6197,1318,1612,164,595,2380,78,16.3,77
University of Dubuque,576,558,137,11,39,662,131,10430,10430,1845,1775,100,400,1500,85,16.5,45
Wartburg College,1231,1074,345,34,66,1295,105,11600,11600,1940,1670,120,400,850,66,12.4,67
Teikyo Westmar University,451,306,123,10,18,611,146,9980,9980,2010,1630,280,600,2240,46,12,51
William Penn College,326,294,140,10,33,630,107,10000,10000,1800,1310,290,495,800,35,13.3,40
Albertson College,587,479,158,38,62,678,41,13500,13500,1025,2210,322,500,675,67,9.4,55
Northwest Nazarene College,616,514,385,29,52,1115,60,9840,9840,1680,1140,339,450,822,59,14.8,58
Augustana College IL,1879,1658,497,36,69,1950,38,13353,13353,1622,1622,93,540,821,78,12.7,71
Eureka College,560,454,113,36,56,484,16,10955,10955,1915,1535,150,330,670,62,10.6,53
Illinois Wesleyan University,3050,1342,471,55,86,1818,23,14360,14360,1760,2330,125,400,650,77,12.9,83
Knox College,1040,845,286,48,77,967,24,15747,15747,1806,2256,186,400,800,88,12.7,79
Lake Forest College,979,638,271,31,70,968,20,16880,16880,1740,2230,230,920,1320,91,10.7,77
McKendree College,1002,555,119,16,43,836,684,7680,7680,1820,1920,135,500,800,70,17.7,52
Monmouth College IL,601,503,204,28,57,671,11,13000,13000,2100,2000,200,400,460,91,11.6,56
Quincy University,1025,707,297,22,66,1070,72,10100,10100,1750,2390,210,450,1080,69,16.3,80
Southern Illinois University at Edwardsville,2540,2195,994,13,40,6063,2550,1824,5472,1570,2028,488,221,2216,76,16.5,43
Saint Xavier University,785,647,295,15,65,1670,726,10860,10860,2666,1958,110,600,794,87,13.7,55
Trinity College IL,746,473,317,39,82,834,50,9600,9600,2030,2080,75,600,1300,54,21.9,28
University of Chicago,6348,2999,922,68,94,3340,39,18930,18930,3070,3310,486,500,1254,99,5.3,90
University of Illinois - Urbana,14939,11652,5705,52,88,25422,911,2760,7560,1780,2794,920,500,1982,87,17.4,81
University of Illinois at Chicago,8384,5727,2710,22,50,13518,2916,2520,7230,3198,1890,1108,630,3228,82,10,34
Western Illinois University,6491,5027,1563,6,24,9015,1449,1902,5706,1843,1350,705,600,1993,77,17.2,55
Anderson University,1216,908,423,19,40,1819,281,10100,10100,1620,1900,200,550,1100,48,12.1,59
Butler University,2362,2037,700,40,68,2607,148,13130,13130,2480,2170,65,500,1600,77,10.9,83
DePauw University,1994,1656,495,50,80,1983,36,14300,14300,2510,2510,200,550,950,78,11.1,82
Earlham College,1358,1006,274,35,63,1028,13,15036,15036,1899,2157,273,600,600,90,10.6,78
University of Evansville,2096,1626,694,35,67,2551,407,11800,11800,2520,1820,200,700,960,60,15.8,77
Franklin College,804,632,281,29,72,840,68,10390,10390,1790,2250,110,525,1345,54,12.5,60
Hanover College,1006,837,317,33,65,1024,15,8200,8200,1540,1945,350,500,1200,84,10.6,64
University of Southern Indiana,2379,2133,1292,8,25,4283,2973,2040,4973,1660,1532,20,500,1425,56,22,38
Manchester College,1004,802,239,23,63,909,51,10440,10440,1960,1890,350,525,1450,63,11.8,64
Oakland City College,495,465,275,18,35,695,193,7620,7260,998,1986,186,740,900,41,11.5,62
Saint Mary-of-the-Woods College,150,130,88,23,50,341,768,10300,10300,1590,2540,400,500,1700,44,10.2,75
Saint Mary's College,888,734,393,26,60,1433,27,12730,12730,2652,1862,901,500,1525,74,9.9,98
Taylor University,1769,1092,437,41,80,1757,81,10965,10965,1900,2100,210,450,1250,60,14.2,98
Valparaiso University,2075,1727,520,49,81,2501,198,11800,11800,1300,1960,450,500,800,87,14.2,95
Wabash College,800,623,256,41,76,801,5,12925,12925,1480,2715,250,500,635,78,9.9,72
Baker University,602,483,206,21,47,958,466,8620,8620,1900,2200,310,400,2250,58,11,65
Bethany College,878,816,200,16,41,706,62,8740,8740,1463,1900,105,550,1700,62,11.6,48
Bethel College,202,184,122,19,42,537,101,8540,8540,1960,1620,200,500,1400,61,8.8,56
Kansas Wesleyan University,589,575,148,16,40,474,258,8400,8400,1850,1400,120,500,1400,63,12.4,68
McPherson College,420,293,93,11,32,336,80,7950,7950,1550,2200,260,600,2740,54,9.8,48
Tabor College,257,183,109,19,41,396,38,7850,7850,2010,1400,200,400,1500,55,10,53
Benedictine College,632,620,222,14,24,702,501,9550,9550,2250,1600,210,350,250,64,14.1,58
Bellarmine College,807,707,308,39,63,1198,605,8840,8840,1950,1000,100,750,1290,74,13.1,84
Centre College,1013,888,288,55,82,943,7,11850,11850,2120,2150,350,600,900,95,11.4,74
Georgetown College,727,693,286,30,55,1063,48,8000,8100,1975,1975,50,550,550,73,13.3,55
Kentucky Wesleyan College,584,497,175,20,49,662,121,8000,8000,2300,1850,200,500,1300,57,11.3,62
Murray State University,2225,1910,1190,29,55,5968,955,1580,4738,1290,1820,280,700,940,72,20.2,52
Transylvania University,759,729,244,57,81,867,51,10900,10900,2480,1970,450,500,1000,81,12.1,70
Centenary College of Louisiana,495,434,210,35,55,775,44,8950,8950,1470,2020,306,600,1900,86,11.3,66
Grambling State University,4847,3518,1900,27,65,6567,261,1044,1044,775,531,12,500,1200,46,24.6,58
Louisiana State University at Baton Rouge,5996,4993,3079,29,57,16269,3757,2625,5925,1720,1260,75,600,2242,83,15.9,37
Loyola University,1891,1698,719,24,80,2740,761,11100,11100,2980,2890,190,600,750,77,11.7,53
Tulane University,7033,5125,1223,47,75,4941,1534,19040,19040,2690,3260,510,350,800,98,9.1,74
Amherst College,4302,992,418,83,96,1593,5,19760,19760,2650,2650,272,660,1598,93,8.4,100
Merrimack College,1981,1541,514,18,36,1927,1084,12500,12500,2750,3450,175,375,1000,73,16.8,80
Bentley College,3466,2330,640,20,60,3095,1533,13800,13800,2730,2780,65,630,850,87,17.5,82
Boston University,20192,13007,3810,45,80,14971,3113,18420,18420,3920,2890,270,475,1025,80,11.9,72
Bradford College,443,330,151,5,36,453,42,14080,14080,3500,2750,260,500,900,57,10.2,46
Brandeis University,4186,2743,740,48,77,2819,62,19380,19380,3500,3250,450,410,1000,90,9.8,84
Clark University,2887,2059,457,30,61,1928,296,17500,17500,2000,2200,440,500,950,94,10.5,79
Gordon College,674,565,282,25,54,1151,39,12200,12200,1470,2600,520,400,1200,73,14.2,66
Harvard University,13865,2165,1606,90,100,6862,320,18485,18485,3370,3040,1335,500,1920,97,9.9,100
Lesley College,244,198,82,12,33,1134,336,11700,11700,2100,3200,120,550,805,71,27.8,58
Massachusetts Institute of Technology,6411,2140,1078,96,99,4481,28,20100,20100,3200,2775,600,725,1600,99,10.1,94
Bridgewater State College,4915,3340,1064,4,21,5356,1502,1408,5542,2291,1700,2014,500,1750,73,17.1,51
North Adams State College,1563,1005,240,1,19,1380,136,1408,5542,2400,1930,2147,500,1000,65,14.2,57
Westfield State College,3100,2150,825,3,20,3234,941,1408,5542,2600,1188,1746,500,1300,75,15.7,65
Worcester State College,2197,1515,543,4,26,3089,2029,2663,6797,2660,1240,1255,500,1200,60,21,40
Mount Holyoke College,1800,1314,526,47,79,1891,40,19300,19300,2800,2900,735,750,750,79,9,84
Northeastern University,11901,8492,2517,16,42,11160,10221,13380,13380,3990,3435,186,600,1750,73,12.9,46
University of Massachusetts at Amherst,14438,12414,3816,12,39,16282,1940,2220,8566,1712,2185,3247,500,1400,88,16.7,68
Wellesley College,2895,1249,579,80,96,2195,156,18345,18345,3055,2940,360,500,700,94,10.6,91
Wheaton College,1738,1373,417,21,55,1335,30,18460,18460,2900,3070,120,700,850,92,13.2,71
Williams College,4186,1245,526,81,96,1988,29,19629,19629,2855,2935,141,500,1200,94,9,99
Worcester Polytechnic Institute,2768,2314,682,49,86,2802,86,15884,15884,2790,2580,346,530,730,92,15.2,82
Goucher College,1151,813,248,40,64,850,80,15588,15588,4114,2060,100,500,1200,78,9.2,77
Salisbury State University,4216,2290,736,20,52,4296,1027,2328,5130,2190,2500,766,600,1450,73,17.9,56
University of Maryland at College Park,14292,10315,3409,22,53,19340,3991,2919,8723,2899,2247,561,550,1550,89,18.1,63
University of Maine at Presque Isle,461,381,235,10,40,974,503,2700,6600,1904,1726,200,400,1675,67,15.2,35
Bowdoin College,3356,1019,418,76,100,1490,8,19030,19030,2620,3265,325,1495,875,93,11.2,96
Colby College,2848,1319,456,58,84,1720,35,18930,18930,2890,2700,900,500,1000,83,10.2,91
University of Maine at Farmington,1208,803,438,20,48,1906,344,2790,6810,2124,1846,240,450,1647,67,15.9,59
Thomas College,356,312,139,18,65,388,412,8850,8850,2300,2150,200,600,1000,29,21.8,75
University of Maine at Machias,441,369,172,17,45,633,317,2700,6600,1830,1850,175,600,400,46,15.1,64
Adrian College,1428,1097,336,22,50,1036,99,11250,11250,1590,2160,100,400,1165,53,12.9,54
Albion College,1899,1720,489,37,68,1594,32,13868,13868,2426,2400,1042,450,850,89,13.7,73
Alma College,1267,1080,385,44,73,1306,28,12572,12572,2226,2326,297,400,400,79,15.3,68
Andrews University,1130,704,322,14,23,1586,326,9996,9996,1815,1275,135,900,1320,62,11.5,46
Hillsdale College,920,745,347,35,66,1133,42,11090,11090,2600,2100,210,400,750,80,12,79
Hope College,1712,1483,624,37,69,2505,208,12275,12275,1980,2361,84,465,1100,72,12.5,72
Madonna University,440,391,231,13,27,1367,2662,5040,5040,2074,2078,40,395,1155,54,14.7,57
Michigan State University,18114,15096,6180,23,57,26640,4120,4103,10658,1646,2088,524,504,600,93,14,71
Michigan Technological University,2618,2288,1032,42,77,5524,414,3510,8127,1836,2142,126,900,1200,82,17,65
Spring Arbor College,372,362,181,15,32,1501,353,8600,8600,1980,1570,106,385,665,48,15.4,49
University of Detroit Mercy,927,731,415,24,50,2149,2217,11130,11130,1926,2070,100,600,2166,72,13.5,51
Western Michigan University,9167,7191,2738,24,53,15739,4278,2785,6940,1675,2425,455,500,1700,80,24.7,55
Center for Creative Studies,601,396,203,1,20,525,323,11230,11230,3843,2800,130,2340,620,8,6.8,47
Carleton College,2694,1579,489,75,93,1870,12,19292,19292,1623,2334,126,550,550,81,10.4,91
College of Saint Benedict,938,864,511,29,62,1715,103,12247,12247,1971,2250,88,500,600,70,13.1,72
College of Saint Catherine,511,411,186,23,51,1692,562,12224,12224,2290,2150,220,450,1000,63,11.5,77
University of St. Thomas MN,2057,1807,828,26,53,4106,982,11712,11712,1716,2321,36,500,800,80,13.8,89
Hamline University,1006,825,328,34,73,1362,102,13252,13252,2026,2168,156,450,550,89,13,65
Macalester College,2939,1496,452,56,86,1723,113,15909,15909,2480,2292,101,500,700,85,11.9,77
Saint Cloud State University,3971,3306,1921,10,34,11493,2206,2270,4259,1704,921,255,350,1884,70,18.9,58
Saint John's University,933,800,444,18,45,1691,72,12247,12247,2160,1921,88,500,600,76,12,70
Saint Mary's College of Minnesota,876,802,367,14,35,1263,118,10800,10800,1700,1900,100,400,820,68,18.8,78
University of Minnesota at Morris,1458,874,588,56,86,1846,154,3330,9843,1365,1755,315,600,1500,74,14.6,51
University of Minnesota Twin Cities,11054,6397,3524,26,55,16502,21836,3171,8949,1498,2246,414,714,2910,88,12.2,45
Central Methodist College,633,504,210,11,32,920,148,7780,7780,1820,1550,270,600,1300,50,15.1,49
Columbia College,314,158,132,10,28,690,5346,8294,8294,1372,2328,45,400,900,87,15.3,37
Drury College,700,650,314,33,66,1065,48,8730,8730,1824,1699,272,500,750,82,13.2,67
Lindenwood College,810,484,356,6,33,2155,191,9200,9200,2400,2400,200,1000,4200,65,24.1,100
Missouri Valley College,1310,983,316,5,35,1057,175,8550,8550,2525,2525,100,400,900,35,17.4,27
Missouri Western State College,1887,1870,848,8,30,3615,1446,1998,3900,1307,1304,128,500,2000,54,19,40
Southeast Missouri State University,2281,1870,1408,18,43,6553,1246,2550,4680,2120,1420,120,200,2150,75,17.1,45
Southwest Baptist University,1093,1093,642,12,32,1770,967,7070,7070,1170,1330,152,400,1000,52,15.9,71
Southwest Missouri State University,6118,5254,3204,15,37,13131,3374,2370,4740,880,1710,166,500,1360,70,19.9,56
Saint Louis University,3294,2855,956,44,67,4576,1140,11690,11690,2300,2430,80,800,6800,84,4.6,67
Washington University,7654,5259,1254,62,93,4879,1274,18350,18350,3431,2344,184,768,1512,91,3.9,90
Webster University,665,462,226,17,44,1739,1550,9160,9160,2100,2240,50,500,500,68,20.6,48
Westminster College MO,662,553,184,20,43,665,37,10720,10720,1870,2180,200,600,1650,66,12.5,62
William Jewell College,663,547,315,32,67,1279,75,10060,10060,1780,1190,256,500,2600,74,11.2,59
William Woods University,469,435,227,17,39,851,120,10535,10535,2250,2115,140,550,3700,39,12.9,52
Millsaps College,905,834,319,32,61,1073,179,11320,11320,2454,2048,584,550,1350,82,12.7,58
Mississippi College,594,385,307,36,57,1695,721,5580,5580,1260,1210,308,600,700,77,16.5,61
Mississippi State University,4255,3277,1609,18,57,10094,1621,4946,9866,1684,1400,477,480,1479,77,15.9,53
Mississippi Valley State University,2800,1090,580,10,40,2124,199,2164,4306,1025,1075,213,275,1200,43,18.6,56
University of Mississippi,3844,3383,1669,26,47,7524,804,1996,4916,1560,2250,548,600,550,81,20.3,53
Montana State University-Billings,931,912,596,7,23,2482,868,2142,5866,1900,1400,60,600,2000,70,18.5,40
Rocky Mountain College,560,392,270,11,31,743,118,8734,8734,1966,1396,85,600,625,56,11.3,68
Appalachian State University,7313,4664,1910,20,63,9940,1035,740,6806,1420,1120,718,96,2000,83,18.3,70
University of North Carolina at Asheville,1757,979,394,32,74,2033,1078,608,5972,1670,1750,800,600,750,77,13,37
Bennett College,774,542,193,17,38,650,14,5600,5600,1630,1465,1030,750,2000,63,12.1,44
Davidson College,2373,956,452,77,96,1601,6,17295,17295,2650,2420,169,600,1011,95,12,94
Duke University,13789,3893,1583,90,98,6188,53,18590,18590,2996,2954,480,625,1162,95,5,97
East Carolina University,9274,6362,2435,14,44,13171,1687,764,7248,1590,1650,793,500,1700,74,13.2,58
Elon College,3624,2786,858,11,39,2933,334,9100,9100,1782,2101,150,490,1777,70,18.9,63
Fayetteville State University,1455,1064,452,1,16,2632,617,740,6806,1150,1400,636,350,766,75,15.1,24
Gardner Webb University,1110,930,332,18,36,1603,374,8180,8180,2230,2040,950,500,500,65,15.2,29
Guilford College,1202,1054,326,18,44,1410,299,13404,13404,2456,2704,210,450,1050,78,15.6,65
Lenoir-Rhyne College,979,743,259,25,46,1188,166,10100,10100,1740,2260,510,400,1000,88,12,66
Livingstone College,900,473,217,22,47,621,11,4400,4400,2000,1400,800,800,900,53,10.4,92
Methodist College,750,633,296,27,51,926,367,8850,8850,2100,1450,158,500,2600,73,11.4,56
North Carolina Wesleyan College,812,689,195,7,24,646,84,8242,8242,1900,2330,500,600,1295,77,12.7,52
Pembroke State University,944,774,440,14,34,2174,529,628,6360,1410,1350,514,550,1498,77,15,48
Queens College,516,392,154,32,62,630,549,11020,11020,2160,2810,50,610,1900,73,14,58
Salem College,335,284,132,28,69,534,216,10475,10475,3275,3025,176,500,2000,68,11.2,60
North Carolina State University at Raleigh,10634,7064,3176,39,78,16505,5481,874,8400,1640,1900,710,600,1300,92,17.5,62
University of North Carolina at Chapel Hill,14596,5985,3331,75,92,14609,1100,874,8400,2040,2160,606,550,1200,88,8.9,83
University of North Carolina at Greensboro,5191,4134,1500,15,44,7532,1847,931,8677,1715,1790,958,600,1300,75,15.5,53
Western Carolina University,3224,2519,1057,11,31,5000,706,718,6390,1142,1238,647,110,1622,67,14.6,55
University of North Carolina at Wilmington,6071,3856,1449,15,67,6635,1145,1492,7558,2100,1580,752,500,1500,82,19.1,55
Wingate College,1239,1017,383,10,34,1207,157,7820,7820,1750,1650,300,550,1550,69,13.9,91
Dickinson State University,434,412,319,10,30,1376,237,1681,4486,846,1300,176,600,2000,50,16.5,46
University of Mary,659,601,342,12,34,1476,282,6490,6490,1345,1510,75,500,1800,26,18,48
University of North Dakota,2777,2249,1652,20,54,8334,1435,2110,5634,1033,1670,318,450,1200,97,15.9,49
Valley City State University,368,344,212,5,27,863,189,1606,4286,1820,750,245,600,2000,39,14.9,40
North Dakota State University,2968,2297,1610,13,47,7368,1128,2310,5834,1020,1724,198,600,2000,79,17,42
Creighton University,2967,2836,876,30,60,3450,644,10628,10628,2416,1956,336,650,2055,85,6.5,85
Dana College,504,482,185,10,36,550,84,9130,9130,1950,1372,465,450,1450,46,12.6,54
Doane College,793,709,244,20,47,1022,411,9570,9570,1020,1980,250,400,1000,67,15.1,60
Hastings College,817,708,262,22,52,935,37,9376,9376,1338,1934,396,500,1902,57,13,52
Peru State College,701,501,458,10,40,959,457,1432,2580,1354,1270,254,500,900,48,20.1,44
University of Nebraska at Lincoln,6277,6003,3526,33,63,16454,3171,2055,5595,1375,1770,360,500,2070,86,15.1,53
Wayne State College,1373,1373,724,6,21,2754,474,1500,2700,1230,1430,264,540,1660,60,20.3,52
Dartmouth College,8587,2273,1087,87,99,3918,32,19545,19545,3255,2815,105,550,1100,95,4.7,98
Franklin Pierce College,5187,4471,446,3,14,1818,1197,13320,13320,2500,2130,310,500,800,50,17.6,51
Notre Dame College,379,324,107,15,37,500,311,9990,9990,2650,2250,280,400,600,44,12.1,33
University of New Hampshire,9750,7640,2529,24,62,10358,1338,3550,11180,1648,2214,830,650,2450,89,17.5,75
Keene State College,3121,2446,822,5,19,3480,776,2590,7870,2727,1438,756,500,1150,73,16.1,61
Daniel Webster College,585,508,153,12,30,460,536,12292,12292,2370,2564,120,500,500,61,22.2,72
Drew University,2153,1580,321,56,84,1192,87,18432,18432,3224,2342,510,520,660,93,10.2,83
Georgian Court College,348,281,127,12,52,1095,785,9150,9150,1750,2200,130,500,800,56,12.2,76
Jersey City State College,2957,1423,691,10,30,3817,1394,2798,3946,2000,2800,646,400,1500,63,14.9,26
Monmouth College NJ,2707,1881,478,14,34,1893,847,12480,12480,2700,2590,490,530,1740,70,14.2,54
Montclair State University,5220,2128,865,19,53,6411,3186,2400,3648,3160,1674,600,700,950,82,21.5,58
New Jersey Institute of Technology,1879,1216,483,27,62,3311,1646,4188,8832,3764,1612,792,700,1850,92,13.5,72
Princeton University,13218,2042,1153,90,98,4540,146,19900,19900,2696,3214,400,675,1575,91,8.4,99
Rutgers State University at Newark,5785,2690,499,26,62,4005,1886,3640,7410,2780,1968,978,690,2009,90,17.4,58
Seton Hall University,4576,3565,1000,16,36,4384,1530,12000,12000,4358,2126,550,650,1000,81,14.4,64
Saint Peter's College,1606,1413,530,23,38,1921,1154,9408,9408,2820,2700,295,500,450,78,12.1,53
Rutgers State University at Camden,3366,1752,232,27,79,2585,1300,3641,7411,2780,1968,849,690,2009,90,18.6,57
Rutgers at New Brunswick,48094,26330,4520,36,79,21401,3712,3640,7410,2780,1986,1003,690,2009,90,19.5,77
Stockton College of New Jersey,4019,1579,710,23,65,4365,765,2288,3040,2775,1576,704,711,1125,78,19.5,64
College of Santa Fe,546,447,189,16,42,873,683,11138,11138,1978,2160,330,600,1200,40,14,80
College of the Southwest,77,61,27,7,38,352,147,3120,3120,1358,2024,125,400,500,24,14.3,20
Alfred University,1732,1425,472,37,75,1830,110,16548,16548,2808,2598,424,500,600,82,11.3,73
Canisius College,2853,2193,753,16,34,2978,434,10750,10750,2750,2590,326,400,1130,90,14.6,64
Cazenovia College,3847,3433,527,9,35,1010,12,9384,9384,2420,2420,395,600,500,22,14.3,118
Clarkson University,2174,1953,557,35,68,2332,53,15960,15960,2622,2958,323,700,1300,95,15.8,77
Colgate University,4856,2492,727,46,75,2649,25,19510,19510,2690,2875,145,500,750,95,10.5,93
Columbia University,6756,1930,871,78,96,3376,55,18624,18624,3740,2924,486,550,300,97,5.9,99
Barnard College,2496,1402,531,53,95,2121,69,17926,17926,4786,3338,720,600,850,83,10.3,91
Elmira College,1457,1045,345,27,50,1109,502,14990,14990,2860,2180,300,450,550,77,21.5,64
Hartwick College,2083,1725,430,22,49,1464,67,17480,17480,2250,2530,300,500,700,75,12.3,73
Hobart and William Smith Colleges,2688,2081,500,25,53,1792,5,19029,19029,2877,2964,431,600,600,99,12.1,79
Hofstra University,7428,5860,1349,25,63,6534,1350,11600,11600,3620,2300,650,1000,1000,81,13.9,60
Houghton College,949,786,302,30,70,1210,26,9990,9990,1850,1700,310,500,1500,85,15,67
Le Moyne College,1470,1199,425,21,76,1820,558,11040,11040,1950,2890,320,400,900,89,13.3,94
Manhattanville College,962,750,212,21,54,830,150,14700,14700,3600,2950,410,450,400,97,11.3,70
Marist College,4731,3171,830,12,31,3557,658,10700,10700,2400,3525,290,550,1200,74,17.6,69
Nyack College,460,283,160,15,34,508,34,7950,7950,1680,2130,450,600,1200,35,11.6,55
Pace University,8256,3750,1522,37,70,5809,4379,11100,11000,1340,3420,350,660,1115,90,13.8,62
Sarah Lawrence College,1380,768,263,57,82,1000,105,19300,19300,4816,1878,264,600,700,89,6.1,83
Skidmore College,4293,2728,591,25,62,2322,263,18710,18710,3170,2515,215,500,700,87,12.7,81
Siena College,2961,1932,628,24,68,2669,616,10800,10800,2120,2980,310,575,1090,71,14.1,100
St. Bonaventure University,1489,1313,375,13,45,1688,131,10456,10456,2312,2615,395,500,1050,91,17.7,78
St. John Fisher College,1368,1064,354,19,51,1687,677,10570,10570,3550,2050,190,400,800,86,14.5,66
St. Lawrence University,2753,1820,505,31,56,1801,45,18720,18720,2960,2770,420,650,825,90,11.5,85
SUNY at Albany,13528,9198,1843,16,61,10168,1231,2650,6550,2950,1405,295,700,1560,93,17.4,74
SUNY at Binghamton,14463,6166,1757,60,94,8544,671,2650,6550,2690,1908,360,700,1000,83,18,80
SUNY College at Brockport,7294,3564,904,7,34,5758,1363,2650,6550,2760,1700,315,500,705,79,19,49
SUNY College at Buffalo,5318,3515,1025,8,29,7626,2091,2650,6550,2680,1360,240,550,1230,71,18.7,42
SUNY College at Cortland,7888,3519,1036,6,40,5011,346,2650,6550,2680,2000,316,630,1274,82,17.8,53
SUNY College at Fredonia,4877,2798,814,13,48,4123,298,2650,6550,2500,1920,359,620,1481,82,16.3,66
SUNY College at Geneseo,8598,4562,1143,56,93,5060,146,2650,6550,2620,1550,433,600,650,79,19.1,76
SUNY College at New Paltz,8399,3609,656,19,53,4658,1478,2650,6550,1790,2450,271,550,1500,85,15.3,53
SUNY College at Oswego,8000,4556,1464,17,70,6943,869,2650,6550,2830,1980,311,500,1500,69,22,63
SUNY College at Plattsburgh,5549,3583,853,9,40,5004,475,2650,6550,2520,1656,309,600,1380,80,17.9,65
SUNY College at Potsdam,3150,2289,650,16,51,3598,234,2650,6840,2750,1910,240,500,1000,71,15.1,59
Syracuse University,10477,7260,2442,28,67,10142,117,15150,15150,3620,3250,360,635,960,73,11.3,67
Union College,3495,1712,528,49,84,1915,123,18732,18732,3297,2907,190,450,1024,94,11.5,88
University of Rochester,8766,5498,1243,56,75,5071,438,17840,17840,3978,2604,410,500,882,93,5.9,80
SUNY College at Purchase,2119,1264,390,5,33,2478,1441,2650,6550,2990,1770,367,1125,1362,80,14.9,46
Ashland University,1454,1267,424,20,41,1874,757,11431,11431,2467,2217,260,600,1700,43,17.4,66
Baldwin-Wallace College,1690,1366,662,30,61,2718,1460,10995,10995,2235,2175,585,1000,1000,68,17.6,85
Bowling Green State University,9251,7333,3076,14,45,13699,1213,3070,7452,1968,1384,660,600,1700,81,21.1,67
Case Western Reserve University,3877,3156,713,71,93,3051,513,15700,15700,2960,1770,125,525,1460,95,2.9,67
Cedarville College,1307,1090,616,25,55,2196,82,7344,7344,2370,2040,126,570,1000,50,15.3,64
College of Mount St. Joseph,798,620,238,14,41,1165,1232,9800,9800,2280,2150,50,400,1150,46,11.1,100
Franciscan University of Steubenville,553,452,228,22,49,1301,242,9650,9650,2200,2200,260,600,1000,57,14.9,83
Denison University,2762,2279,533,32,60,1835,14,16900,16900,2600,2120,820,500,600,88,11.6,81
Heidelberg College,738,687,241,20,44,964,242,13780,13780,2004,2406,198,500,500,68,12.5,65
Kenyon College,2212,1538,408,44,75,1445,1,19240,19240,1640,2050,610,750,480,95,11.1,88
Malone College,874,758,428,21,46,1605,246,9858,9858,2020,1680,135,450,1200,42,17.6,55
Marietta College,1611,960,342,27,60,1089,210,13850,13850,2020,1900,270,470,810,80,13.2,96
Mount Union College,1310,1086,458,26,61,1365,144,12250,12250,1400,2130,700,400,1150,85,16.7,81
Muskingum College,1109,922,375,24,46,1115,70,13240,13240,1634,2280,386,600,800,73,13.4,73
Oberlin College,4778,2767,678,50,89,2587,120,19670,19670,2920,2900,126,575,1119,77,10.1,83
Ohio University,11023,8298,3183,21,54,14861,1310,3552,7629,2013,2082,357,550,2300,79,20.4,64
Tiffin University,845,734,254,5,21,662,351,7600,7600,1800,2000,125,600,1200,59,19,39
University of Cincinnati,6855,5553,2408,26,57,11036,2011,3234,8907,2703,1994,498,556,1851,89,10.8,54
University of Dayton,6361,5293,1507,26,51,5889,665,11380,11380,2160,2060,450,500,900,81,14.8,93
Ursuline College,325,260,86,21,47,699,717,9600,9600,2270,1932,210,450,750,39,10.5,68
Wittenberg University,1979,1739,575,42,68,1980,144,15948,15948,2190,2214,822,400,800,82,12.8,78
Xavier University,1959,1805,695,24,47,2849,1107,11520,11520,2600,2360,10,600,1250,73,13.3,83
Miami University at Oxford,9239,7788,3290,35,39,13606,807,3740,8856,1860,2100,798,500,1382,81,17.6,85
Antioch University,713,661,252,25,44,712,23,15476,15476,1538,1798,1404,400,1100,69,11.3,48
Oklahoma Baptist University,758,681,484,35,59,1707,705,5390,5390,1350,1790,530,515,1290,63,15.1,50
Oklahoma Christian University,776,765,351,22,44,1419,228,6400,6400,1650,1500,280,500,1900,58,16.2,45
University of Sci. and Arts of Oklahoma,285,280,208,21,43,1140,473,1408,3687,640,1280,172,600,1800,67,23.6,43
Oklahoma State University,4522,3913,2181,29,57,12830,1658,1889,5336,1758,1588,40,800,3100,84,15.3,48
Oklahoma Panhandle State University,350,343,251,8,27,1117,117,1212,3274,1200,600,217,90,1800,58,18.1,29
Oral Roberts University,1223,650,632,13,37,2645,167,7950,7950,1744,2250,380,480,1000,51,15.5,45
George Fox College,809,726,294,27,52,1271,43,12500,12500,2080,2050,140,400,1050,53,13.5,52
Linfield College,1561,1188,458,48,72,1548,840,13380,13380,1880,2330,598,500,900,89,17.8,81
Pacific University,943,849,288,41,71,1041,35,14210,14210,1764,2230,225,450,1100,76,10.9,42
Reed College,1966,1436,327,47,80,1199,61,19960,19960,2690,2800,150,500,450,90,11.8,68
University of Portland,1758,1485,419,27,58,2041,174,12040,12040,1750,2350,80,600,1100,92,13.2,72
Albright College,1038,839,227,30,63,973,306,15595,15595,2400,2000,200,300,500,79,11.3,80
Allegheny College,2652,1900,484,44,77,1707,44,17080,17080,2280,2160,260,400,600,73,9.9,76
Bucknell University,6548,3813,862,49,85,3316,31,18550,18550,2545,2205,110,800,1200,95,14.2,93
Carnegie Mellon University,8728,5201,1191,60,89,4265,291,17900,17900,3520,2170,100,450,1250,86,9.2,74
Chatham College,212,197,91,28,56,471,148,13500,13500,2615,2615,150,400,850,95,9.3,52
College Misericordia,1432,888,317,29,58,1121,493,10860,10860,3090,2670,530,550,900,56,12.9,96
Dickinson College,3014,2539,487,31,68,1889,62,18700,18700,2600,2400,125,595,1250,87,11.2,87
Eastern College,458,369,165,16,42,1057,355,11190,11190,2260,2540,30,450,1230,60,13.6,54
Elizabethtown College,2417,1843,426,36,70,1476,299,14190,14190,2200,2200,400,500,750,65,12.8,81
Gannon University,2464,1908,678,24,57,2693,691,10970,10970,1940,2340,50,500,1380,47,13.3,65
Geneva College,668,534,237,19,39,1306,258,9476,9476,2800,2020,44,500,1100,67,20.1,74
Gettysburg College,3596,2466,575,42,78,1944,46,19964,19964,2180,2148,90,500,500,94,12.1,83
Juniata College,1005,859,298,36,55,1075,43,14850,14850,2250,2210,110,450,420,97,12.7,80
King's College,1456,1053,381,20,45,500,541,10910,10910,2410,2750,500,400,1795,66,15.6,87
Lafayette College,4010,2402,572,36,59,2018,226,18730,18730,3000,2740,75,600,1000,93,10.5,92
La Salle University,2929,1834,622,20,56,2738,1662,12600,12600,2510,3100,170,450,3160,90,15.1,84
Lehigh University,6397,4304,1092,40,84,4298,132,18700,18700,3160,2420,250,750,1130,96,12.5,91
Lincoln University,1660,1091,326,15,41,1196,33,3020,4818,1750,1650,375,350,1400,71,12.6,45
Marywood College,1107,859,323,13,51,1452,402,11040,11040,2250,2250,400,600,700,65,11.8,66
Messiah College,1742,1382,607,30,64,2258,53,10300,10300,2540,2540,84,475,1200,68,14.1,89
Moravian College,1232,955,303,23,58,1241,485,14990,14990,2130,2600,180,550,1250,86,15.2,74
Bloomsburg Univ. of Pennsylvania,6773,3028,1025,15,55,5847,946,3086,7844,1650,1298,608,500,1680,66,18,75
Millersville University of Penn.,6011,3075,960,22,60,5146,1532,3086,7844,2200,1630,834,450,1258,72,16.8,71
Shippensburg University of Penn.,5818,3281,1116,14,53,5268,300,3086,7844,1952,1552,770,450,1700,80,18.8,72
Philadelphia Coll. of Textiles and Sci.,1538,1259,468,19,42,1664,1042,11690,11690,2596,2466,40,600,1664,48,12.9,68
Seton Hill College,936,794,197,24,56,752,210,11240,11240,2090,2090,160,350,2000,71,11.2,71
Saint Vincent College,700,595,278,19,35,1035,182,10850,10850,2110,1826,60,500,900,62,12.3,88
Susquehanna University,2096,1512,465,27,59,1442,166,16130,16130,2490,2220,280,400,800,83,13.9,90
Temple University,7987,5145,2399,15,37,14726,4666,5314,10096,3492,1790,150,600,3324,87,11.2,45
Thiel College,1154,951,253,15,31,791,140,11172,11172,2590,2368,230,700,1350,68,11.6,60
University of Pennsylvania,12394,5232,2464,85,100,9205,531,17020,17020,3700,3570,1836,500,1544,95,6.3,93
University of Pittsburgh-Main Campus,8586,6383,2503,25,59,13138,4289,4962,10786,2760,1800,454,400,900,93,7.8,66
University of Scranton,4471,2942,910,29,60,3674,493,11584,11584,2536,3450,975,650,800,83,14.1,92
Villanova University,7759,5588,1477,30,68,6362,1292,15925,15925,3170,3337,445,400,300,89,13.4,96
Washington and Jefferson College,1305,1100,334,42,64,1098,151,16260,16260,2070,1935,280,300,500,91,12.1,86
Waynesburg College,1190,978,324,12,30,1280,61,8840,8840,1800,1820,220,500,1200,57,16.2,63
Westminster College PA,996,866,377,29,58,1411,72,12065,12065,1980,1635,595,430,685,62,12.5,80
Wilkes University,1631,1431,434,15,36,1803,603,11150,11150,3100,2030,418,550,1260,78,13.3,67
York College of Pennsylvania,2989,1855,691,28,63,2988,1726,4990,4990,1725,1835,225,500,1250,75,18.1,99
Allentown Coll. of St. Francis de Sales,1179,780,290,38,64,1130,638,9690,9690,2495,2290,60,600,1000,60,13.3,74
La Roche College,361,321,185,10,41,650,819,8842,8842,2862,1920,140,600,1100,57,14.2,52
Pennsylvania State Univ. Main Campus,19315,10344,3450,48,93,28938,2025,4966,10645,1840,2220,70,512,2394,77,18.1,63
Brown University,12586,3239,1462,87,95,5643,349,19528,19528,3574,2352,650,720,1100,99,7.6,97
Providence College,5139,3346,973,20,55,3717,1358,14400,14400,3250,2950,375,450,1100,66,18.4,96
University of Rhode Island,9643,7751,1968,12,40,8894,2456,3004,10330,3168,2390,1238,500,1250,84,16.6,63
Roger Williams University,3304,2804,679,10,20,2111,1489,12520,12520,3060,2990,480,500,730,44,16.4,61
Central Wesleyan College,174,146,88,8,29,1047,33,8300,8300,1000,2080,200,600,600,62,15.2,58
The Citadel,1500,1242,611,12,36,2024,292,3076,7070,830,1609,264,400,779,95,17.1,84
Claflin College,1196,697,499,21,47,959,13,4412,4412,1000,1460,600,500,1000,69,16.9,21
Coker College,604,452,295,15,47,690,222,9888,9888,1846,2670,185,400,1000,64,12.1,75
Erskine College,659,557,167,47,74,532,35,10485,10485,1760,2080,660,475,1246,76,13.5,67
Furman University,2161,1951,685,56,82,2371,175,13440,13440,2096,1952,134,600,1250,92,13.5,82
Lander University,1166,1009,510,9,33,2074,341,3340,4938,1867,1120,50,528,1702,67,17,51
Newberry College,872,722,154,14,36,601,36,10194,10194,1600,1000,300,500,1500,57,11.4,83
Presbyterian College,1082,832,302,34,63,1133,30,11859,11859,1711,1924,892,554,1429,80,13.4,85
Augustana College SD,761,725,306,21,58,1337,300,10990,10990,1622,1622,125,600,1021,66,10.4,69
Huron University,600,197,124,3,9,392,69,7260,7260,1910,1180,330,600,1840,31,12.9,21
Northern State University,2056,2054,2054,10,40,2239,686,1411,3437,1128,1074,832,550,1925,68,20.2,54
South Dakota State University,2807,2589,1701,13,37,7000,1103,1454,3811,1120,1070,1024,500,1970,62,15,67
Belmont University,1220,974,481,28,67,1964,623,7800,7800,1974,1690,250,650,900,61,11.1,49
Carson-Newman College,1096,951,464,27,62,1776,239,8150,8150,1260,1890,450,400,500,61,13.6,67
Christian Brothers University,880,520,224,16,42,1068,364,9300,9300,1350,1910,120,600,900,81,11.1,63
Freed-Hardeman University,895,548,314,20,54,1174,50,5500,5500,1590,1750,770,600,1600,68,16.1,62
King College,355,300,142,34,65,509,44,8664,8664,1630,1720,700,600,3000,65,10.7,65
Lambuth University,831,538,224,15,35,840,325,5170,5170,1400,2030,210,600,1590,61,16.1,60
Lincoln Memorial University,787,562,363,21,55,925,605,5950,5950,1200,1690,120,600,1300,67,14.6,53
Maryville College,1464,888,176,26,52,624,128,11200,11200,1998,2210,150,500,1642,80,11.1,51
Milligan College,610,461,189,26,52,685,49,8200,8200,1600,1700,200,550,1000,63,12,64
Rhodes College,2302,1831,391,58,82,1345,59,15200,15200,2696,2072,158,550,1500,90,10.8,77
Tennessee Wesleyan College,232,182,99,7,29,402,237,7070,7070,2140,1500,150,400,3158,59,8.9,36
Trevecca Nazarene College,272,272,145,13,50,770,213,4750,4750,1870,1400,320,500,800,57,14,49
University of Tennessee at Knoxville,7473,5372,3013,27,53,15749,3237,1830,5764,1584,1678,222,750,3300,86,16.5,53
University of the South,1445,966,326,46,83,1129,24,15350,15350,2010,2070,175,450,810,89,10.3,82
Vanderbilt University,7791,4690,1499,71,92,5500,90,17865,17865,4132,2393,964,630,952,93,5.8,83
Angelo State University,3540,2001,1016,24,54,4190,1512,840,5130,1324,2268,734,500,2000,60,23.1,34
East Texas Baptist University,379,341,265,10,36,1050,151,4950,4950,1040,1740,470,530,1500,62,15.7,38
Hardin-Simmons University,467,424,350,16,40,1365,334,6300,6300,1360,1620,480,700,2140,75,13.7,38
Incarnate Word College,1163,927,386,16,49,1685,556,8840,8840,2049,2640,110,750,2775,67,11.4,95
Lamar University,2336,1725,1043,10,27,5438,4058,864,4752,1386,1654,840,508,1463,48,18.4,26
University of North Texas,4418,2737,2049,23,51,14047,5134,672,4104,1840,1739,650,450,1700,86,22.6,35
Our Lady of the Lake University,2308,1336,295,22,46,1202,942,8530,8530,2020,1624,134,616,1576,56,14.9,37
Schreiner College,584,413,131,19,51,521,99,8955,8955,2810,3090,40,500,1488,51,11.8,52
Southwestern Adventist College,321,318,172,11,27,620,280,7536,7536,1494,2242,80,430,1651,44,13,36
Prairie View A. and M. University,2405,2234,1061,10,22,4564,448,840,4290,1580,1920,820,598,1582,55,19.4,35
Texas Christian University,4095,3079,1195,33,64,5064,660,8490,8490,1920,1400,990,650,2400,81,14.8,64
Texas College,254,189,189,15,26,503,40,3605,3605,1580,850,455,300,300,37,18.4,26
Texas Lutheran College,497,423,215,27,57,895,429,7850,7850,1490,1920,50,490,1700,54,13.8,50
Trinity University,2425,1818,601,62,93,2110,95,12240,12240,3225,1925,140,500,490,94,9.6,93
University of Dallas,681,588,246,44,74,1058,73,10760,10760,4030,2200,50,500,1200,85,13.4,63
University of St. Thomas TX,374,280,185,45,77,995,408,8550,8550,2000,1670,96,500,1344,75,12.6,62
University of Texas at Austin,14752,9572,5329,48,85,30017,5189,840,5130,1733,1576,1068,650,3140,91,19.7,65
Baylor University,6075,5349,2367,34,66,9919,484,6450,6450,2230,1690,570,600,1346,71,18.5,72
Texas A&M University at Galveston,529,481,243,22,47,1206,134,780,4860,1560,1562,320,600,650,103,17.4,43
Texas A&M Univ. at College Station,14474,10519,6392,49,85,31643,2798,840,5130,1772,1640,751,600,2144,89,23.1,69
University of Utah,5095,4491,2400,27,53,13894,8374,1954,6857,1550,2425,427,858,3093,89,12.8,37
Westminster College of Salt Lake City,917,720,213,21,60,979,743,8820,8820,1340,2710,60,600,2025,68,10.5,50
Bridgewater College,838,673,292,22,53,881,55,10265,10265,2215,2510,1000,560,875,68,13.2,82
College of William and Mary,7117,3106,1217,68,88,5186,134,2808,11720,2318,1980,1748,600,800,89,12.1,93
Emory & Henry College,765,646,226,30,60,809,32,8578,8578,1920,2488,622,700,1600,79,13.9,82
Hampden - Sydney College,817,644,307,20,40,945,1,13218,13218,1903,2870,415,660,600,95,13.3,69
Hampton University,7178,3755,1433,25,63,4623,740,7161,7161,1838,1680,603,600,2000,60,14,70
Hollins College,602,498,215,26,58,795,74,13470,13470,3225,2290,234,500,850,78,11.1,72
Lynchburg College,1756,1500,366,3,21,1524,280,12450,12450,2900,2500,100,450,870,62,12.4,70
Randolph-Macon College,1771,1325,306,21,46,1071,27,13840,13840,1850,1885,325,400,900,77,10.7,74
Virginia Commonwealth University,4963,3497,1567,18,45,10262,5065,3034,10217,1620,2562,880,500,3630,81,8.7,45
Mary Washington College,4350,2178,756,39,78,2997,736,2026,6490,2712,2230,1180,650,2102,75,17.6,84
George Mason University,5653,4326,1727,17,29,9528,3822,4044,10800,3150,1690,25,580,1050,93,19.3,46
Virginia State University,2996,2440,704,2,30,3006,338,1894,5587,2750,2095,1305,500,600,61,16,31
Virginia Wesleyan College,1470,900,287,20,49,1130,417,10900,10900,2800,2300,150,500,550,70,15.7,68
Washington and Lee University,3315,1096,425,68,93,1584,3,13750,13750,2019,2600,355,680,1115,81,9.6,90
University of Virginia,15849,5384,2678,74,95,11278,114,3724,12212,1816,1976,756,500,1000,90,9.5,95
Castleton State College,1257,940,363,9,22,1547,294,3660,7656,2598,2092,570,400,700,89,14.7,79
Johnson State College,833,669,279,3,13,1224,345,3312,7656,2598,2092,585,500,624,80,14.4,36
Lyndon State College,535,502,223,6,20,959,150,3168,7320,2092,2548,826,500,600,48,12.6,51
Southern Vermont College,520,204,108,11,27,418,279,8940,8940,2324,2190,480,500,1150,28,13.4,57
Saint Michael's College,1910,1380,463,16,64,1715,106,13030,13030,2310,3550,135,500,750,79,14.5,84
Trinity College VT,222,185,91,16,41,484,541,11010,11010,3084,2124,260,550,500,58,10.4,78
University of Vermont,7663,6008,1735,18,51,7353,1674,6210,15516,3148,1780,442,500,990,87,9.9,79
Seattle University,2115,1540,494,28,72,2993,347,12825,12825,1150,3225,100,500,1500,85,12.2,89
Whitman College,1861,998,359,45,77,1220,46,16670,16670,2650,2250,155,750,800,80,10.5,72
Beloit College,1320,923,284,26,54,1085,81,16304,16304,1748,1868,170,355,715,87,11.1,69
Carroll College,1160,991,352,19,55,1357,737,12200,12200,1990,1890,110,480,930,74,17.8,79
Lawrence University,1243,947,324,50,77,1129,74,17163,17163,1812,2079,290,525,975,76,10.1,77
Ripon College,587,501,211,28,52,735,28,15200,15200,1840,2260,190,350,650,87,9.4,64
St. Norbert College,1334,1243,568,30,56,1946,95,12140,12140,2355,2095,75,425,1100,74,15.1,88
Viterbo College,647,518,271,17,43,1014,387,9140,9140,1590,1815,70,500,2245,51,10.7,73
University of Wisconsin-Stout,2593,1966,1030,9,32,6038,579,1916,6704,1404,1188,400,376,1750,78,21,65
Univ. of Wisconsin at Eau Claire,5729,4520,1957,20,52,8516,1264,2208,6996,1565,1140,1070,279,1260,80,19.3,61
Wisconsin Lutheran College,152,128,75,17,41,282,22,9100,9100,1800,1900,90,500,1400,48,8.5,50
Alderson-Broaddus College,582,498,172,21,44,799,78,10468,10468,1574,1806,92,660,1800,40,11.5,52
Marshall University,4226,3666,2007,14,60,7703,2339,1660,5094,2030,1980,330,700,1560,77,16.6,50
University of Wyoming,2029,1516,1073,23,46,7535,1488,1908,5988,1462,1960,300,600,1500,91,15.1,45
